{
    "eye_infos": {
        "left_eye_info": {
            "top-left": [
                0.2645924403343255,
                8.288299265730245
            ],
            "top-right": [
                0.7282740719770545,
                8.288299265730245
            ],
            "buttom-right": [
                0.7282740719770545,
                7.890430510836804
            ],
            "buttom-left": [
                0.2645924403343255,
                7.890430510836804
            ]
        },
        "right_eye_info": {
            "top-left": [
                -0.2645924403343255,
                8.288299265730245
            ],
            "top-right": [
                -0.7282740719770545,
                8.288299265730245
            ],
            "buttom-right": [
                -0.7282740719770545,
                7.890430510836804
            ],
            "buttom-left": [
                -0.2645924403343255,
                7.890430510836804
            ]
        }
    }
}