{
    "eye_infos": {
        "left_eye_info": {
            "top-left": [
                0.29408268100114215,
                5.50854504744955
            ],
            "top-right": [
                0.7578880252732161,
                5.50854504744955
            ],
            "buttom-right": [
                0.7578880252732161,
                5.2559031119517545
            ],
            "buttom-left": [
                0.29408268100114215,
                5.2559031119517545
            ]
        },
        "right_eye_info": {
            "top-left": [
                -0.29408268100114215,
                5.50854504744955
            ],
            "top-right": [
                -0.7578880252732161,
                5.50854504744955
            ],
            "buttom-right": [
                -0.7578880252732161,
                5.2559031119517545
            ],
            "buttom-left": [
                -0.29408268100114215,
                5.2559031119517545
            ]
        }
    }
}