{
    "eye_infos": {
        "left_eye_info": {
            "top-left": [
                0.3113939774090915,
                4.668176428582166
            ],
            "top-right": [
                0.7827408719945326,
                4.668176428582166
            ],
            "buttom-right": [
                0.7827408719945326,
                4.249620386190294
            ],
            "buttom-left": [
                0.3113939774090915,
                4.249620386190294
            ]
        },
        "right_eye_info": {
            "top-left": [
                -0.3113939774090915,
                4.668176428582166
            ],
            "top-right": [
                -0.7827408719945326,
                4.668176428582166
            ],
            "buttom-right": [
                -0.7827408719945326,
                4.249620386190294
            ],
            "buttom-left": [
                -0.3113939774090915,
                4.249620386190294
            ]
        }
    }
}